{
    "name": "JobPost",
    "alias": "jobpost",
    "description": "",
    "keywords": [],
    "priority": 0,
    "providers": [
        "Modules\\JobPost\\Providers\\JobPostServiceProvider"
    ],
    "aliases": {},
    "files": [],
    "requires": [],
    "qixerMetadata" : {
        "paymentGateway" : [
            {
                "name": "Azul",
                "settingsBlade": "bladepath",
                "settingsData": [
                    ""
                ],
                "chargeCustomerMethod" : "sdfasdfsadfsdf"
            }
        ]
    }
}
